wall,center_x,center_y,center_z,radius,absorption,energy_reduction_pct,energy_reduction_db
z0,4.080,2.080,0.000,0.600,0.600,3.827,0.169
z0,5.000,2.080,0.000,0.600,0.600,3.827,0.169
zl,5.000,2.080,2.700,0.600,0.600,2.579,0.113
zl,5.920,2.080,2.700,0.600,0.600,2.579,0.113
y0,5.000,0.000,0.780,0.600,0.600,1.587,0.069
y0,5.000,0.000,1.160,0.600,0.600,1.587,0.069
y0,5.000,0.000,1.540,0.600,0.600,1.587,0.069
yl,5.000,5.000,0.780,0.600,0.600,0.797,0.035
yl,5.000,5.000,1.160,0.600,0.600,0.797,0.035
yl,5.000,5.000,1.540,0.600,0.600,0.797,0.035
x0,0.000,1.660,0.780,0.600,0.600,0.676,0.029
x0,0.000,1.660,1.160,0.600,0.600,0.676,0.029
x0,0.000,2.080,0.780,0.600,0.600,0.676,0.029
x0,0.000,2.080,1.160,0.600,0.600,0.676,0.029
x0,0.000,2.080,1.540,0.600,0.600,0.676,0.029
x0,0.000,2.500,0.780,0.600,0.600,0.676,0.029
x0,0.000,2.500,1.160,0.600,0.600,0.676,0.029
xl,10.000,1.660,1.160,0.600,0.600,0.676,0.029
xl,10.000,1.660,1.540,0.600,0.600,0.676,0.029
xl,10.000,2.080,0.780,0.600,0.600,0.676,0.029
xl,10.000,2.080,1.160,0.600,0.600,0.676,0.029
xl,10.000,2.080,1.540,0.600,0.600,0.676,0.029
xl,10.000,2.500,1.160,0.600,0.600,0.676,0.029
xl,10.000,2.500,1.540,0.600,0.600,0.676,0.029
x0,0.000,0.400,0.400,0.600,0.600,0.000,0.000
x0,0.000,0.400,0.780,0.600,0.600,0.000,0.000
x0,0.000,0.400,1.160,0.600,0.600,0.000,0.000
x0,0.000,0.400,1.540,0.600,0.600,0.000,0.000
x0,0.000,0.400,1.920,0.600,0.600,0.000,0.000
x0,0.000,0.400,2.300,0.600,0.600,0.000,0.000
x0,0.000,0.820,0.400,0.600,0.600,0.000,0.000
x0,0.000,0.820,0.780,0.600,0.600,0.000,0.000
x0,0.000,0.820,1.160,0.600,0.600,0.000,0.000
x0,0.000,0.820,1.540,0.600,0.600,0.000,0.000
x0,0.000,0.820,1.920,0.600,0.600,0.000,0.000
x0,0.000,0.820,2.300,0.600,0.600,0.000,0.000
x0,0.000,1.240,0.400,0.600,0.600,0.000,0.000
x0,0.000,1.240,0.780,0.600,0.600,0.000,0.000
x0,0.000,1.240,1.160,0.600,0.600,0.000,0.000
x0,0.000,1.240,1.540,0.600,0.600,0.000,0.000
x0,0.000,1.240,1.920,0.600,0.600,0.000,0.000
x0,0.000,1.240,2.300,0.600,0.600,0.000,0.000
x0,0.000,1.660,0.400,0.600,0.600,0.000,0.000
x0,0.000,1.660,1.540,0.600,0.600,0.000,0.000
x0,0.000,1.660,1.920,0.600,0.600,0.000,0.000
x0,0.000,1.660,2.300,0.600,0.600,0.000,0.000
x0,0.000,2.080,0.400,0.600,0.600,0.000,0.000
x0,0.000,2.080,1.920,0.600,0.600,0.000,0.000
x0,0.000,2.080,2.300,0.600,0.600,0.000,0.000
x0,0.000,2.500,0.400,0.600,0.600,0.000,0.000
x0,0.000,2.500,1.540,0.600,0.600,0.000,0.000
x0,0.000,2.500,1.920,0.600,0.600,0.000,0.000
x0,0.000,2.500,2.300,0.600,0.600,0.000,0.000
x0,0.000,2.920,0.400,0.600,0.600,0.000,0.000
x0,0.000,2.920,0.780,0.600,0.600,0.000,0.000
x0,0.000,2.920,1.160,0.600,0.600,0.000,0.000
x0,0.000,2.920,1.540,0.600,0.600,0.000,0.000
x0,0.000,2.920,1.920,0.600,0.600,0.000,0.000
x0,0.000,2.920,2.300,0.600,0.600,0.000,0.000
x0,0.000,3.340,0.400,0.600,0.600,0.000,0.000
x0,0.000,3.340,0.780,0.600,0.600,0.000,0.000
x0,0.000,3.340,1.160,0.600,0.600,0.000,0.000
x0,0.000,3.340,1.540,0.600,0.600,0.000,0.000
x0,0.000,3.340,1.920,0.600,0.600,0.000,0.000
x0,0.000,3.340,2.300,0.600,0.600,0.000,0.000
x0,0.000,3.760,0.400,0.600,0.600,0.000,0.000
x0,0.000,3.760,0.780,0.600,0.600,0.000,0.000
x0,0.000,3.760,1.160,0.600,0.600,0.000,0.000
x0,0.000,3.760,1.540,0.600,0.600,0.000,0.000
x0,0.000,3.760,1.920,0.600,0.600,0.000,0.000
x0,0.000,3.760,2.300,0.600,0.600,0.000,0.000
x0,0.000,4.180,0.400,0.600,0.600,0.000,0.000
x0,0.000,4.180,0.780,0.600,0.600,0.000,0.000
x0,0.000,4.180,1.160,0.600,0.600,0.000,0.000
x0,0.000,4.180,1.540,0.600,0.600,0.000,0.000
x0,0.000,4.180,1.920,0.600,0.600,0.000,0.000
x0,0.000,4.180,2.300,0.600,0.600,0.000,0.000
x0,0.000,4.600,0.400,0.600,0.600,0.000,0.000
x0,0.000,4.600,0.780,0.600,0.600,0.000,0.000
x0,0.000,4.600,1.160,0.600,0.600,0.000,0.000
x0,0.000,4.600,1.540,0.600,0.600,0.000,0.000
x0,0.000,4.600,1.920,0.600,0.600,0.000,0.000
x0,0.000,4.600,2.300,0.600,0.600,0.000,0.000
xl,10.000,0.400,0.400,0.600,0.600,0.000,0.000
xl,10.000,0.400,0.780,0.600,0.600,0.000,0.000
xl,10.000,0.400,1.160,0.600,0.600,0.000,0.000
xl,10.000,0.400,1.540,0.600,0.600,0.000,0.000
xl,10.000,0.400,1.920,0.600,0.600,0.000,0.000
xl,10.000,0.400,2.300,0.600,0.600,0.000,0.000
xl,10.000,0.820,0.400,0.600,0.600,0.000,0.000
xl,10.000,0.820,0.780,0.600,0.600,0.000,0.000
xl,10.000,0.820,1.160,0.600,0.600,0.000,0.000
xl,10.000,0.820,1.540,0.600,0.600,0.000,0.000
xl,10.000,0.820,1.920,0.600,0.600,0.000,0.000
xl,10.000,0.820,2.300,0.600,0.600,0.000,0.000
xl,10.000,1.240,0.400,0.600,0.600,0.000,0.000
xl,10.000,1.240,0.780,0.600,0.600,0.000,0.000
xl,10.000,1.240,1.160,0.600,0.600,0.000,0.000
xl,10.000,1.240,1.540,0.600,0.600,0.000,0.000
xl,10.000,1.240,1.920,0.600,0.600,0.000,0.000
xl,10.000,1.240,2.300,0.600,0.600,0.000,0.000
xl,10.000,1.660,0.400,0.600,0.600,0.000,0.000
xl,10.000,1.660,0.780,0.600,0.600,0.000,0.000
xl,10.000,1.660,1.920,0.600,0.600,0.000,0.000
xl,10.000,1.660,2.300,0.600,0.600,0.000,0.000
xl,10.000,2.080,0.400,0.600,0.600,0.000,0.000
xl,10.000,2.080,1.920,0.600,0.600,0.000,0.000
xl,10.000,2.080,2.300,0.600,0.600,0.000,0.000
xl,10.000,2.500,0.400,0.600,0.600,0.000,0.000
xl,10.000,2.500,0.780,0.600,0.600,0.000,0.000
xl,10.000,2.500,1.920,0.600,0.600,0.000,0.000
xl,10.000,2.500,2.300,0.600,0.600,0.000,0.000
xl,10.000,2.920,0.400,0.600,0.600,0.000,0.000
xl,10.000,2.920,0.780,0.600,0.600,0.000,0.000
xl,10.000,2.920,1.160,0.600,0.600,0.000,0.000
xl,10.000,2.920,1.540,0.600,0.600,0.000,0.000
xl,10.000,2.920,1.920,0.600,0.600,0.000,0.000
xl,10.000,2.920,2.300,0.600,0.600,0.000,0.000
xl,10.000,3.340,0.400,0.600,0.600,0.000,0.000
xl,10.000,3.340,0.780,0.600,0.600,0.000,0.000
xl,10.000,3.340,1.160,0.600,0.600,0.000,0.000
xl,10.000,3.340,1.540,0.600,0.600,0.000,0.000
xl,10.000,3.340,1.920,0.600,0.600,0.000,0.000
xl,10.000,3.340,2.300,0.600,0.600,0.000,0.000
xl,10.000,3.760,0.400,0.600,0.600,0.000,0.000
xl,10.000,3.760,0.780,0.600,0.600,0.000,0.000
xl,10.000,3.760,1.160,0.600,0.600,0.000,0.000
xl,10.000,3.760,1.540,0.600,0.600,0.000,0.000
xl,10.000,3.760,1.920,0.600,0.600,0.000,0.000
xl,10.000,3.760,2.300,0.600,0.600,0.000,0.000
xl,10.000,4.180,0.400,0.600,0.600,0.000,0.000
xl,10.000,4.180,0.780,0.600,0.600,0.000,0.000
xl,10.000,4.180,1.160,0.600,0.600,0.000,0.000
xl,10.000,4.180,1.540,0.600,0.600,0.000,0.000
xl,10.000,4.180,1.920,0.600,0.600,0.000,0.000
xl,10.000,4.180,2.300,0.600,0.600,0.000,0.000
xl,10.000,4.600,0.400,0.600,0.600,0.000,0.000
xl,10.000,4.600,0.780,0.600,0.600,0.000,0.000
xl,10.000,4.600,1.160,0.600,0.600,0.000,0.000
xl,10.000,4.600,1.540,0.600,0.600,0.000,0.000
xl,10.000,4.600,1.920,0.600,0.600,0.000,0.000
xl,10.000,4.600,2.300,0.600,0.600,0.000,0.000
y0,0.400,0.000,0.400,0.600,0.600,0.000,0.000
y0,0.400,0.000,0.780,0.600,0.600,0.000,0.000
y0,0.400,0.000,1.160,0.600,0.600,0.000,0.000
y0,0.400,0.000,1.540,0.600,0.600,0.000,0.000
y0,0.400,0.000,1.920,0.600,0.600,0.000,0.000
y0,0.400,0.000,2.300,0.600,0.600,0.000,0.000
y0,1.320,0.000,0.400,0.600,0.600,0.000,0.000
y0,1.320,0.000,0.780,0.600,0.600,0.000,0.000
y0,1.320,0.000,1.160,0.600,0.600,0.000,0.000
y0,1.320,0.000,1.540,0.600,0.600,0.000,0.000
y0,1.320,0.000,1.920,0.600,0.600,0.000,0.000
y0,1.320,0.000,2.300,0.600,0.600,0.000,0.000
y0,2.240,0.000,0.400,0.600,0.600,0.000,0.000
y0,2.240,0.000,0.780,0.600,0.600,0.000,0.000
y0,2.240,0.000,1.160,0.600,0.600,0.000,0.000
y0,2.240,0.000,1.540,0.600,0.600,0.000,0.000
y0,2.240,0.000,1.920,0.600,0.600,0.000,0.000
y0,2.240,0.000,2.300,0.600,0.600,0.000,0.000
y0,3.160,0.000,0.400,0.600,0.600,0.000,0.000
y0,3.160,0.000,0.780,0.600,0.600,0.000,0.000
y0,3.160,0.000,1.160,0.600,0.600,0.000,0.000
y0,3.160,0.000,1.540,0.600,0.600,0.000,0.000
y0,3.160,0.000,1.920,0.600,0.600,0.000,0.000
y0,3.160,0.000,2.300,0.600,0.600,0.000,0.000
y0,4.080,0.000,0.400,0.600,0.600,0.000,0.000
y0,4.080,0.000,0.780,0.600,0.600,0.000,0.000
y0,4.080,0.000,1.160,0.600,0.600,0.000,0.000
y0,4.080,0.000,1.540,0.600,0.600,0.000,0.000
y0,4.080,0.000,1.920,0.600,0.600,0.000,0.000
y0,4.080,0.000,2.300,0.600,0.600,0.000,0.000
y0,5.000,0.000,0.400,0.600,0.600,0.000,0.000
y0,5.000,0.000,1.920,0.600,0.600,0.000,0.000
y0,5.000,0.000,2.300,0.600,0.600,0.000,0.000
y0,5.920,0.000,0.400,0.600,0.600,0.000,0.000
y0,5.920,0.000,0.780,0.600,0.600,0.000,0.000
y0,5.920,0.000,1.160,0.600,0.600,0.000,0.000
y0,5.920,0.000,1.540,0.600,0.600,0.000,0.000
y0,5.920,0.000,1.920,0.600,0.600,0.000,0.000
y0,5.920,0.000,2.300,0.600,0.600,0.000,0.000
y0,6.840,0.000,0.400,0.600,0.600,0.000,0.000
y0,6.840,0.000,0.780,0.600,0.600,0.000,0.000
y0,6.840,0.000,1.160,0.600,0.600,0.000,0.000
y0,6.840,0.000,1.540,0.600,0.600,0.000,0.000
y0,6.840,0.000,1.920,0.600,0.600,0.000,0.000
y0,6.840,0.000,2.300,0.600,0.600,0.000,0.000
y0,7.760,0.000,0.400,0.600,0.600,0.000,0.000
y0,7.760,0.000,0.780,0.600,0.600,0.000,0.000
y0,7.760,0.000,1.160,0.600,0.600,0.000,0.000
y0,7.760,0.000,1.540,0.600,0.600,0.000,0.000
y0,7.760,0.000,1.920,0.600,0.600,0.000,0.000
y0,7.760,0.000,2.300,0.600,0.600,0.000,0.000
y0,8.680,0.000,0.400,0.600,0.600,0.000,0.000
y0,8.680,0.000,0.780,0.600,0.600,0.000,0.000
y0,8.680,0.000,1.160,0.600,0.600,0.000,0.000
y0,8.680,0.000,1.540,0.600,0.600,0.000,0.000
y0,8.680,0.000,1.920,0.600,0.600,0.000,0.000
y0,8.680,0.000,2.300,0.600,0.600,0.000,0.000
y0,9.600,0.000,0.400,0.600,0.600,0.000,0.000
y0,9.600,0.000,0.780,0.600,0.600,0.000,0.000
y0,9.600,0.000,1.160,0.600,0.600,0.000,0.000
y0,9.600,0.000,1.540,0.600,0.600,0.000,0.000
y0,9.600,0.000,1.920,0.600,0.600,0.000,0.000
y0,9.600,0.000,2.300,0.600,0.600,0.000,0.000
yl,0.400,5.000,0.400,0.600,0.600,0.000,0.000
yl,0.400,5.000,0.780,0.600,0.600,0.000,0.000
yl,0.400,5.000,1.160,0.600,0.600,0.000,0.000
yl,0.400,5.000,1.540,0.600,0.600,0.000,0.000
yl,0.400,5.000,1.920,0.600,0.600,0.000,0.000
yl,0.400,5.000,2.300,0.600,0.600,0.000,0.000
yl,1.320,5.000,0.400,0.600,0.600,0.000,0.000
yl,1.320,5.000,0.780,0.600,0.600,0.000,0.000
yl,1.320,5.000,1.160,0.600,0.600,0.000,0.000
yl,1.320,5.000,1.540,0.600,0.600,0.000,0.000
yl,1.320,5.000,1.920,0.600,0.600,0.000,0.000
yl,1.320,5.000,2.300,0.600,0.600,0.000,0.000
yl,2.240,5.000,0.400,0.600,0.600,0.000,0.000
yl,2.240,5.000,0.780,0.600,0.600,0.000,0.000
yl,2.240,5.000,1.160,0.600,0.600,0.000,0.000
yl,2.240,5.000,1.540,0.600,0.600,0.000,0.000
yl,2.240,5.000,1.920,0.600,0.600,0.000,0.000
yl,2.240,5.000,2.300,0.600,0.600,0.000,0.000
yl,3.160,5.000,0.400,0.600,0.600,0.000,0.000
yl,3.160,5.000,0.780,0.600,0.600,0.000,0.000
yl,3.160,5.000,1.160,0.600,0.600,0.000,0.000
yl,3.160,5.000,1.540,0.600,0.600,0.000,0.000
yl,3.160,5.000,1.920,0.600,0.600,0.000,0.000
yl,3.160,5.000,2.300,0.600,0.600,0.000,0.000
yl,4.080,5.000,0.400,0.600,0.600,0.000,0.000
yl,4.080,5.000,0.780,0.600,0.600,0.000,0.000
yl,4.080,5.000,1.160,0.600,0.600,0.000,0.000
yl,4.080,5.000,1.540,0.600,0.600,0.000,0.000
yl,4.080,5.000,1.920,0.600,0.600,0.000,0.000
yl,4.080,5.000,2.300,0.600,0.600,0.000,0.000
yl,5.000,5.000,0.400,0.600,0.600,0.000,0.000
yl,5.000,5.000,1.920,0.600,0.600,0.000,0.000
yl,5.000,5.000,2.300,0.600,0.600,0.000,0.000
yl,5.920,5.000,0.400,0.600,0.600,0.000,0.000
yl,5.920,5.000,0.780,0.600,0.600,0.000,0.000
yl,5.920,5.000,1.160,0.600,0.600,0.000,0.000
yl,5.920,5.000,1.540,0.600,0.600,0.000,0.000
yl,5.920,5.000,1.920,0.600,0.600,0.000,0.000
yl,5.920,5.000,2.300,0.600,0.600,0.000,0.000
yl,6.840,5.000,0.400,0.600,0.600,0.000,0.000
yl,6.840,5.000,0.780,0.600,0.600,0.000,0.000
yl,6.840,5.000,1.160,0.600,0.600,0.000,0.000
yl,6.840,5.000,1.540,0.600,0.600,0.000,0.000
yl,6.840,5.000,1.920,0.600,0.600,0.000,0.000
yl,6.840,5.000,2.300,0.600,0.600,0.000,0.000
yl,7.760,5.000,0.400,0.600,0.600,0.000,0.000
yl,7.760,5.000,0.780,0.600,0.600,0.000,0.000
yl,7.760,5.000,1.160,0.600,0.600,0.000,0.000
yl,7.760,5.000,1.540,0.600,0.600,0.000,0.000
yl,7.760,5.000,1.920,0.600,0.600,0.000,0.000
yl,7.760,5.000,2.300,0.600,0.600,0.000,0.000
yl,8.680,5.000,0.400,0.600,0.600,0.000,0.000
yl,8.680,5.000,0.780,0.600,0.600,0.000,0.000
yl,8.680,5.000,1.160,0.600,0.600,0.000,0.000
yl,8.680,5.000,1.540,0.600,0.600,0.000,0.000
yl,8.680,5.000,1.920,0.600,0.600,0.000,0.000
yl,8.680,5.000,2.300,0.600,0.600,0.000,0.000
yl,9.600,5.000,0.400,0.600,0.600,0.000,0.000
yl,9.600,5.000,0.780,0.600,0.600,0.000,0.000
yl,9.600,5.000,1.160,0.600,0.600,0.000,0.000
yl,9.600,5.000,1.540,0.600,0.600,0.000,0.000
yl,9.600,5.000,1.920,0.600,0.600,0.000,0.000
yl,9.600,5.000,2.300,0.600,0.600,0.000,0.000
z0,0.400,0.400,0.000,0.600,0.600,0.000,0.000
z0,0.400,1.240,0.000,0.600,0.600,0.000,0.000
z0,0.400,2.080,0.000,0.600,0.600,0.000,0.000
z0,0.400,2.920,0.000,0.600,0.600,0.000,0.000
z0,0.400,3.760,0.000,0.600,0.600,0.000,0.000
z0,0.400,4.600,0.000,0.600,0.600,0.000,0.000
z0,1.320,0.400,0.000,0.600,0.600,0.000,0.000
z0,1.320,1.240,0.000,0.600,0.600,0.000,0.000
z0,1.320,2.080,0.000,0.600,0.600,0.000,0.000
z0,1.320,2.920,0.000,0.600,0.600,0.000,0.000
z0,1.320,3.760,0.000,0.600,0.600,0.000,0.000
z0,1.320,4.600,0.000,0.600,0.600,0.000,0.000
z0,2.240,0.400,0.000,0.600,0.600,0.000,0.000
z0,2.240,1.240,0.000,0.600,0.600,0.000,0.000
z0,2.240,2.080,0.000,0.600,0.600,0.000,0.000
z0,2.240,2.920,0.000,0.600,0.600,0.000,0.000
z0,2.240,3.760,0.000,0.600,0.600,0.000,0.000
z0,2.240,4.600,0.000,0.600,0.600,0.000,0.000
z0,3.160,0.400,0.000,0.600,0.600,0.000,0.000
z0,3.160,1.240,0.000,0.600,0.600,0.000,0.000
z0,3.160,2.080,0.000,0.600,0.600,0.000,0.000
z0,3.160,2.920,0.000,0.600,0.600,0.000,0.000
z0,3.160,3.760,0.000,0.600,0.600,0.000,0.000
z0,3.160,4.600,0.000,0.600,0.600,0.000,0.000
z0,4.080,0.400,0.000,0.600,0.600,0.000,0.000
z0,4.080,1.240,0.000,0.600,0.600,0.000,0.000
z0,4.080,2.920,0.000,0.600,0.600,0.000,0.000
z0,4.080,3.760,0.000,0.600,0.600,0.000,0.000
z0,4.080,4.600,0.000,0.600,0.600,0.000,0.000
z0,5.000,0.400,0.000,0.600,0.600,0.000,0.000
z0,5.000,1.240,0.000,0.600,0.600,0.000,0.000
z0,5.000,2.920,0.000,0.600,0.600,0.000,0.000
z0,5.000,3.760,0.000,0.600,0.600,0.000,0.000
z0,5.000,4.600,0.000,0.600,0.600,0.000,0.000
z0,5.920,0.400,0.000,0.600,0.600,0.000,0.000
z0,5.920,1.240,0.000,0.600,0.600,0.000,0.000
z0,5.920,2.080,0.000,0.600,0.600,0.000,0.000
z0,5.920,2.920,0.000,0.600,0.600,0.000,0.000
z0,5.920,3.760,0.000,0.600,0.600,0.000,0.000
z0,5.920,4.600,0.000,0.600,0.600,0.000,0.000
z0,6.840,0.400,0.000,0.600,0.600,0.000,0.000
z0,6.840,1.240,0.000,0.600,0.600,0.000,0.000
z0,6.840,2.080,0.000,0.600,0.600,0.000,0.000
z0,6.840,2.920,0.000,0.600,0.600,0.000,0.000
z0,6.840,3.760,0.000,0.600,0.600,0.000,0.000
z0,6.840,4.600,0.000,0.600,0.600,0.000,0.000
z0,7.760,0.400,0.000,0.600,0.600,0.000,0.000
z0,7.760,1.240,0.000,0.600,0.600,0.000,0.000
z0,7.760,2.080,0.000,0.600,0.600,0.000,0.000
z0,7.760,2.920,0.000,0.600,0.600,0.000,0.000
z0,7.760,3.760,0.000,0.600,0.600,0.000,0.000
z0,7.760,4.600,0.000,0.600,0.600,0.000,0.000
z0,8.680,0.400,0.000,0.600,0.600,0.000,0.000
z0,8.680,1.240,0.000,0.600,0.600,0.000,0.000
z0,8.680,2.080,0.000,0.600,0.600,0.000,0.000
z0,8.680,2.920,0.000,0.600,0.600,0.000,0.000
z0,8.680,3.760,0.000,0.600,0.600,0.000,0.000
z0,8.680,4.600,0.000,0.600,0.600,0.000,0.000
z0,9.600,0.400,0.000,0.600,0.600,0.000,0.000
z0,9.600,1.240,0.000,0.600,0.600,0.000,0.000
z0,9.600,2.080,0.000,0.600,0.600,0.000,0.000
z0,9.600,2.920,0.000,0.600,0.600,0.000,0.000
z0,9.600,3.760,0.000,0.600,0.600,0.000,0.000
z0,9.600,4.600,0.000,0.600,0.600,0.000,0.000
zl,0.400,0.400,2.700,0.600,0.600,0.000,0.000
zl,0.400,1.240,2.700,0.600,0.600,0.000,0.000
zl,0.400,2.080,2.700,0.600,0.600,0.000,0.000
zl,0.400,2.920,2.700,0.600,0.600,0.000,0.000
zl,0.400,3.760,2.700,0.600,0.600,0.000,0.000
zl,0.400,4.600,2.700,0.600,0.600,0.000,0.000
zl,1.320,0.400,2.700,0.600,0.600,0.000,0.000
zl,1.320,1.240,2.700,0.600,0.600,0.000,0.000
zl,1.320,2.080,2.700,0.600,0.600,0.000,0.000
zl,1.320,2.920,2.700,0.600,0.600,0.000,0.000
zl,1.320,3.760,2.700,0.600,0.600,0.000,0.000
zl,1.320,4.600,2.700,0.600,0.600,0.000,0.000
zl,2.240,0.400,2.700,0.600,0.600,0.000,0.000
zl,2.240,1.240,2.700,0.600,0.600,0.000,0.000
zl,2.240,2.080,2.700,0.600,0.600,0.000,0.000
zl,2.240,2.920,2.700,0.600,0.600,0.000,0.000
zl,2.240,3.760,2.700,0.600,0.600,0.000,0.000
zl,2.240,4.600,2.700,0.600,0.600,0.000,0.000
zl,3.160,0.400,2.700,0.600,0.600,0.000,0.000
zl,3.160,1.240,2.700,0.600,0.600,0.000,0.000
zl,3.160,2.080,2.700,0.600,0.600,0.000,0.000
zl,3.160,2.920,2.700,0.600,0.600,0.000,0.000
zl,3.160,3.760,2.700,0.600,0.600,0.000,0.000
zl,3.160,4.600,2.700,0.600,0.600,0.000,0.000
zl,4.080,0.400,2.700,0.600,0.600,0.000,0.000
zl,4.080,1.240,2.700,0.600,0.600,0.000,0.000
zl,4.080,2.080,2.700,0.600,0.600,0.000,0.000
zl,4.080,2.920,2.700,0.600,0.600,0.000,0.000
zl,4.080,3.760,2.700,0.600,0.600,0.000,0.000
zl,4.080,4.600,2.700,0.600,0.600,0.000,0.000
zl,5.000,0.400,2.700,0.600,0.600,0.000,0.000
zl,5.000,1.240,2.700,0.600,0.600,0.000,0.000
zl,5.000,2.920,2.700,0.600,0.600,0.000,0.000
zl,5.000,3.760,2.700,0.600,0.600,0.000,0.000
zl,5.000,4.600,2.700,0.600,0.600,0.000,0.000
zl,5.920,0.400,2.700,0.600,0.600,0.000,0.000
zl,5.920,1.240,2.700,0.600,0.600,0.000,0.000
zl,5.920,2.920,2.700,0.600,0.600,0.000,0.000
zl,5.920,3.760,2.700,0.600,0.600,0.000,0.000
zl,5.920,4.600,2.700,0.600,0.600,0.000,0.000
zl,6.840,0.400,2.700,0.600,0.600,0.000,0.000
zl,6.840,1.240,2.700,0.600,0.600,0.000,0.000
zl,6.840,2.080,2.700,0.600,0.600,0.000,0.000
zl,6.840,2.920,2.700,0.600,0.600,0.000,0.000
zl,6.840,3.760,2.700,0.600,0.600,0.000,0.000
zl,6.840,4.600,2.700,0.600,0.600,0.000,0.000
zl,7.760,0.400,2.700,0.600,0.600,0.000,0.000
zl,7.760,1.240,2.700,0.600,0.600,0.000,0.000
zl,7.760,2.080,2.700,0.600,0.600,0.000,0.000
zl,7.760,2.920,2.700,0.600,0.600,0.000,0.000
zl,7.760,3.760,2.700,0.600,0.600,0.000,0.000
zl,7.760,4.600,2.700,0.600,0.600,0.000,0.000
zl,8.680,0.400,2.700,0.600,0.600,0.000,0.000
zl,8.680,1.240,2.700,0.600,0.600,0.000,0.000
zl,8.680,2.080,2.700,0.600,0.600,0.000,0.000
zl,8.680,2.920,2.700,0.600,0.600,0.000,0.000
zl,8.680,3.760,2.700,0.600,0.600,0.000,0.000
zl,8.680,4.600,2.700,0.600,0.600,0.000,0.000
zl,9.600,0.400,2.700,0.600,0.600,0.000,0.000
zl,9.600,1.240,2.700,0.600,0.600,0.000,0.000
zl,9.600,2.080,2.700,0.600,0.600,0.000,0.000
zl,9.600,2.920,2.700,0.600,0.600,0.000,0.000
zl,9.600,3.760,2.700,0.600,0.600,0.000,0.000
zl,9.600,4.600,2.700,0.600,0.600,0.000,0.000
